,metric,value,step
0,Loss/train,0.16325882077217102,2695744.0
1,Loss/train,0.2792222201824188,2698944.0
2,Loss/train,0.16220897436141968,2702144.0
3,Loss/train,0.21320106089115143,2705344.0
4,Loss/train,0.16774959862232208,2708544.0
5,Loss/train,0.2509690225124359,2711744.0
6,Loss/train,0.17930930852890015,2714944.0
7,Loss/train,0.18766595423221588,2718144.0
8,Loss/train,0.26622724533081055,2721344.0
9,Loss/train,0.17542561888694763,2724544.0
10,Loss/train,0.16995234787464142,2727744.0
11,Loss/train,0.23283597826957703,2730944.0
12,Loss/train,0.18119752407073975,2734144.0
13,Loss/train,0.1486663967370987,2737344.0
14,Loss/train,0.222259983420372,2740544.0
15,Loss/train,0.17600655555725098,2743744.0
16,Loss/train,0.1479172259569168,2746944.0
17,Loss/train,0.1795477271080017,2750144.0
18,Loss/train,0.1692110002040863,2753344.0
19,Loss/train,0.2012050449848175,2756544.0
20,Loss/train,0.1954246461391449,2759744.0
21,Loss/train,0.1927293837070465,2762944.0
22,Loss/train,0.2143726348876953,2766144.0
23,Loss/train,0.2136608511209488,2769344.0
24,Loss/train,0.14799171686172485,2772544.0
25,Loss/train,0.1729748398065567,2775744.0
26,Loss/train,0.20512256026268005,2778944.0
27,Loss/train,0.24218937754631042,2782144.0
28,Loss/train,0.2016730010509491,2785344.0
29,Loss/train,0.17883768677711487,2788544.0
30,Loss/train,0.2301783561706543,2791744.0
31,Loss/train,0.19938349723815918,2794944.0
32,Loss/train,0.22764848172664642,2798144.0
33,Loss/train,0.19232608377933502,2801344.0
34,Loss/train,0.18054796755313873,2804544.0
35,Loss/train,0.17746619880199432,2807744.0
36,Loss/train,0.16497677564620972,2810944.0
37,Loss/train,0.14193470776081085,2814144.0
38,Loss/train,0.15048761665821075,2817344.0
39,Loss/train,0.17911458015441895,2820544.0
40,Loss/train,0.16397488117218018,2823744.0
41,Loss/train,0.18700473010540009,2826944.0
42,Loss/train,0.2009171098470688,2830144.0
43,Loss/train,0.22945168614387512,2833344.0
44,Loss/train,0.18590211868286133,2836544.0
45,Loss/train,0.14605167508125305,2839744.0
46,Loss/train,0.16971705853939056,2842944.0
47,Loss/train,0.13523727655410767,2846144.0
48,Loss/train,0.16041052341461182,2849344.0
49,Loss/train,0.20302893221378326,2852544.0
50,Loss/train,0.21534313261508942,2855744.0
51,Loss/train,0.2238951176404953,2858944.0
52,Loss/train,0.17534524202346802,2862144.0
53,Loss/train,0.1210264042019844,2865344.0
54,Loss/train,0.19369366765022278,2868544.0
55,Loss/train,0.15787392854690552,2871744.0
56,Loss/train,0.1482071578502655,2874944.0
57,Loss/train,0.21257147192955017,2878144.0
58,Loss/train,0.15147235989570618,2881344.0
59,Loss/train,0.23296576738357544,2884544.0
60,Loss/train,0.1963919699192047,2887744.0
61,Loss/train,0.1951688975095749,2890944.0
62,Loss/train,0.18178729712963104,2894144.0
63,Loss/train,0.18347850441932678,2897344.0
64,Loss/train,0.19407865405082703,2900544.0
65,Loss/train,0.1280560940504074,2903744.0
66,Loss/train,0.17597077786922455,2906944.0
67,Loss/train,0.17097420990467072,2910144.0
68,Loss/train,0.15246573090553284,2913344.0
69,Loss/train,0.21110181510448456,2916544.0
70,Loss/train,0.21427620947360992,2919744.0
71,Loss/train,0.15799954533576965,2922944.0
72,Loss/train,0.1634177714586258,2926144.0
73,Loss/train,0.19959786534309387,2929344.0
74,Loss/train,0.17544525861740112,2932544.0
75,Loss/train,0.18592515587806702,2935744.0
76,Loss/train,0.1745881587266922,2938944.0
77,Loss/train,0.1536203920841217,2942144.0
78,Loss/train,0.16212482750415802,2945344.0
79,Loss/train,0.19156824052333832,2948544.0
80,Loss/train,0.1695026457309723,2951744.0
81,Loss/train,0.19209085404872894,2954944.0
82,Loss/train,0.22814004123210907,2958144.0
83,Loss/train,0.184441938996315,2961344.0
84,Loss/train,0.20593729615211487,2964544.0
85,Loss/train,0.2113906443119049,2967744.0
86,Loss/train,0.1753665804862976,2970944.0
87,Loss/train,0.18118740618228912,2974144.0
88,Loss/train,0.16877417266368866,2977344.0
89,Loss/train,0.19017165899276733,2980544.0
90,Loss/train,0.1926790326833725,2983744.0
91,Loss/train,0.16249728202819824,2986944.0
92,Loss/train,0.17581884562969208,2990144.0
93,Loss/train,0.22250275313854218,2993344.0
94,Loss/train,0.1634380966424942,2996544.0
95,Loss/train,0.15685299038887024,2999744.0
96,Loss/train,0.19907042384147644,3002944.0
97,Loss/train,0.1794435977935791,3006144.0
98,Loss/train,0.16437624394893646,3009344.0
99,Loss/train,0.254820317029953,3012544.0
100,Loss/train,0.20429295301437378,3015744.0
101,Loss/train,0.17550724744796753,3018944.0
102,Loss/train,0.1621442586183548,3022144.0
103,Loss/train,0.20830318331718445,3025344.0
104,Loss/train,0.18381580710411072,3028544.0
105,Loss/train,0.19292296469211578,3031744.0
106,Loss/train,0.2145301103591919,3034944.0
107,Loss/train,0.1500445306301117,3038144.0
108,Loss/train,0.15408962965011597,3041344.0
109,Loss/train,0.19401472806930542,3044544.0
110,Loss/train,0.14686620235443115,3047744.0
111,Loss/train,0.16564548015594482,3050944.0
112,Loss/train,0.22402992844581604,3054144.0
113,Loss/train,0.18526577949523926,3057344.0
114,Loss/train,0.1709790676832199,3060544.0
115,Loss/train,0.1425853818655014,3063744.0
116,Loss/train,0.15944015979766846,3066944.0
117,Loss/train,0.2050294280052185,3070144.0
118,Loss/train,0.17368754744529724,3073344.0
119,Loss/train,0.13609299063682556,3076544.0
120,Loss/train,0.15680895745754242,3079744.0
121,Loss/train,0.22331373393535614,3082944.0
122,Loss/train,0.2022615671157837,3086144.0
123,Loss/train,0.21408908069133759,3089344.0
124,Loss/train,0.19439144432544708,3092544.0
125,Loss/train,0.18848441541194916,3095744.0
126,Loss/train,0.15414075553417206,3098944.0
127,Loss/train,0.15532395243644714,3102144.0
128,Loss/train,0.18338645994663239,3105344.0
129,Loss/train,0.18146517872810364,3108544.0
130,Loss/train,0.18897664546966553,3111744.0
131,Loss/train,0.2054949849843979,3114944.0
132,Loss/train,0.18487675487995148,3118144.0
133,Loss/train,0.16184943914413452,3121344.0
134,Loss/train,0.18159838020801544,3124544.0
135,Loss/train,0.17176955938339233,3127744.0
136,Loss/train,0.2202197015285492,3130944.0
137,Loss/train,0.18877974152565002,3134144.0
138,Loss/train,0.213712677359581,3137344.0
139,Loss/train,0.16554713249206543,3140544.0
140,Loss/train,0.14677391946315765,3143744.0
141,Loss/train,0.1566450297832489,3146944.0
142,Loss/train,0.1803116649389267,3150144.0
143,Loss/train,0.14065924286842346,3153344.0
144,Loss/train,0.20037242770195007,3156544.0
145,Loss/train,0.15370632708072662,3159744.0
146,Loss/train,0.1545092612504959,3162944.0
147,Loss/train,0.14710430800914764,3166144.0
148,Loss/train,0.15572404861450195,3169344.0
149,Loss/train,0.15484076738357544,3172544.0
150,Loss/train,0.1421533077955246,3175744.0
151,Loss/train,0.16862209141254425,3178944.0
152,Loss/train,0.18505440652370453,3182144.0
153,Loss/train,0.17314958572387695,3185344.0
154,Loss/train,0.2015145868062973,3188544.0
155,Loss/train,0.18840064108371735,3191744.0
156,Loss/train,0.13495320081710815,3194944.0
157,Loss/train,0.13650941848754883,3198144.0
158,Loss/train,0.18058691918849945,3201344.0
159,Loss/train,0.15308363735675812,3204544.0
160,Loss/train,0.19352911412715912,3207744.0
161,Loss/train,0.16150151193141937,3210944.0
162,Loss/train,0.19620202481746674,3214144.0
163,Loss/train,0.17192114889621735,3217344.0
164,Loss/train,0.1707005351781845,3220544.0
165,Loss/train,0.199908047914505,3223744.0
166,Loss/train,0.1667124181985855,3226944.0
167,Loss/train,0.18581609427928925,3230144.0
168,Loss/train,0.19364026188850403,3233344.0
169,Loss/train,0.19097714126110077,3236544.0
170,Loss/train,0.1709916889667511,3239744.0
171,Loss/train,0.20850004255771637,3242944.0
172,Loss/train,0.20278353989124298,3246144.0
173,Loss/train,0.14249497652053833,3249344.0
174,Loss/train,0.15967635810375214,3252544.0
175,Loss/train,0.127472385764122,3255744.0
176,Loss/train,0.13686558604240417,3258944.0
177,Loss/train,0.1583336889743805,3262144.0
178,Loss/train,0.1719018816947937,3265344.0
179,Loss/train,0.10839176177978516,3268544.0
180,Loss/train,0.15059740841388702,3271744.0
181,Loss/train,0.14431945979595184,3274944.0
182,Loss/train,0.15884557366371155,3278144.0
183,Loss/train,0.19812798500061035,3281344.0
184,Loss/train,0.1443338692188263,3284544.0
185,Loss/train,0.17540736496448517,3287744.0
186,Loss/train,0.14506162703037262,3290944.0
187,Loss/train,0.16849853098392487,3294144.0
188,Loss/train,0.13377563655376434,3297344.0
189,Loss/train,0.2095475196838379,3300544.0
190,Loss/train,0.15813399851322174,3303744.0
191,Loss/train,0.20878593623638153,3306944.0
192,Loss/train,0.17587882280349731,3310144.0
193,Loss/train,0.16103136539459229,3313344.0
194,Loss/train,0.1719074249267578,3316544.0
195,Loss/train,0.14344140887260437,3319744.0
196,Loss/train,0.20462828874588013,3322944.0
197,Loss/train,0.18158674240112305,3326144.0
198,Loss/train,0.20836175978183746,3329344.0
199,Loss/train,0.17687781155109406,3332544.0
200,Loss/train,0.17631258070468903,3335744.0
201,Loss/train,0.19720982015132904,3338944.0
202,Loss/train,0.19711676239967346,3342144.0
203,Loss/train,0.13918031752109528,3345344.0
204,Loss/train,0.16372233629226685,3348544.0
205,Loss/train,0.17105253040790558,3351744.0
206,Loss/train,0.1926005780696869,3354944.0
207,Loss/train,0.1953670084476471,3358144.0
208,Loss/train,0.17227892577648163,3361344.0
209,Loss/train,0.16269494593143463,3364544.0
210,Loss/train,0.171807199716568,3367744.0
211,Loss/train,0.15890856087207794,3370944.0
212,Loss/train,0.14237412810325623,3374144.0
213,Loss/train,0.20681044459342957,3377344.0
214,Loss/train,0.1737244874238968,3380544.0
215,Loss/train,0.1606944054365158,3383744.0
216,Loss/train,0.20913013815879822,3386944.0
217,Loss/train,0.19495828449726105,3390144.0
218,Loss/train,0.17742125689983368,3393344.0
219,Loss/train,0.17614701390266418,3396544.0
220,Loss/train,0.16984227299690247,3399744.0
221,Loss/train,0.13912519812583923,3402944.0
222,Loss/train,0.16686077415943146,3406144.0
223,Loss/train,0.17981615662574768,3409344.0
224,Loss/train,0.1969447135925293,3412544.0
225,Loss/train,0.2200412005186081,3415744.0
226,Loss/train,0.16512519121170044,3418944.0
227,Loss/train,0.15473438799381256,3422144.0
228,Loss/train,0.1561136096715927,3425344.0
229,Loss/train,0.1410370171070099,3428544.0
230,Loss/train,0.1365220546722412,3431744.0
231,Loss/train,0.1866866648197174,3434944.0
232,Loss/train,0.22090616822242737,3438144.0
233,Loss/train,0.1557421237230301,3441344.0
234,Loss/train,0.15646342933177948,3444544.0
235,Loss/train,0.19369272887706757,3447744.0
236,Loss/train,0.16055212914943695,3450944.0
237,Loss/train,0.1380099654197693,3454144.0
238,Loss/train,0.18588052690029144,3457344.0
239,Loss/train,0.20255319774150848,3460544.0
240,Loss/train,0.1988169252872467,3463744.0
241,Loss/train,0.12782539427280426,3466944.0
242,Loss/train,0.19590751826763153,3470144.0
243,Loss/train,0.17889884114265442,3473344.0
244,Loss/train,0.17963606119155884,3476544.0
245,Loss/train,0.16858384013175964,3479744.0
246,Loss/train,0.17854160070419312,3482944.0
247,Loss/train,0.18098317086696625,3486144.0
248,Loss/train,0.1777782440185547,3489344.0
249,Loss/train,0.18456687033176422,3492544.0
250,Loss/train,0.13957028090953827,3495744.0
251,Loss/train,0.13964244723320007,3498944.0
252,Loss/train,0.15254920721054077,3502144.0
253,Loss/train,0.1436849981546402,3505344.0
254,Loss/train,0.1553945243358612,3508544.0
255,Loss/train,0.15283633768558502,3511744.0
256,Loss/train,0.21460504829883575,3514944.0
257,Loss/train,0.16650095582008362,3518144.0
258,Loss/train,0.16266967356204987,3521344.0
259,Loss/train,0.17887993156909943,3524544.0
260,Loss/train,0.14261282980442047,3527744.0
261,Loss/train,0.1600574254989624,3530944.0
262,Loss/train,0.1668812334537506,3534144.0
263,Loss/train,0.21335762739181519,3537344.0
264,Loss/train,0.17622239887714386,3540544.0
265,Loss/train,0.23715345561504364,3543744.0
266,Loss/train,0.1858321875333786,3546944.0
267,Loss/train,0.17143811285495758,3550144.0
268,Loss/train,0.1618293970823288,3553344.0
269,Loss/train,0.20332682132720947,3556544.0
270,Loss/train,0.17852783203125,3559744.0
271,Loss/train,0.11191076040267944,3562944.0
272,Loss/train,0.16518794000148773,3566144.0
273,Loss/train,0.2227233499288559,3569344.0
274,Loss/train,0.16286100447177887,3572544.0
275,Loss/train,0.1786699891090393,3575744.0
276,Loss/train,0.1350707709789276,3578944.0
277,Loss/train,0.1352773904800415,3582144.0
278,Loss/train,0.16520731151103973,3585344.0
279,Loss/train,0.16342343389987946,3588544.0
280,Loss/train,0.1490967869758606,3591744.0
281,Loss/train,0.1392650455236435,3591776.0
282,Loss/train,0.13299913704395294,3594976.0
283,Loss/train,0.21779091656208038,3598176.0
284,Loss/train,0.18800151348114014,3601376.0
285,Loss/train,0.154115229845047,3604576.0
286,Loss/train,0.1856469213962555,3607776.0
287,Loss/train,0.13600169122219086,3610976.0
288,Loss/train,0.16417145729064941,3614176.0
289,Loss/train,0.2125645875930786,3617376.0
290,Loss/train,0.18812859058380127,3620576.0
291,Loss/train,0.20832984149456024,3623776.0
292,Loss/train,0.1423036903142929,3626976.0
293,Loss/train,0.16671988368034363,3630176.0
294,Loss/train,0.1753559410572052,3633376.0
295,Loss/train,0.23464512825012207,3636576.0
296,Loss/train,0.16525879502296448,3639776.0
297,Loss/train,0.19881415367126465,3642976.0
298,Loss/train,0.23884335160255432,3646176.0
299,Loss/train,0.16847722232341766,3649376.0
300,Loss/train,0.16754522919654846,3652576.0
301,Loss/train,0.18830227851867676,3655776.0
302,Loss/train,0.19240237772464752,3658976.0
303,Loss/train,0.14187677204608917,3662176.0
304,Loss/train,0.17449165880680084,3665376.0
305,Loss/train,0.19852358102798462,3668576.0
306,Loss/train,0.1528392732143402,3671776.0
307,Loss/train,0.14391091465950012,3674976.0
308,Loss/train,0.16671660542488098,3678176.0
309,Loss/train,0.17045240104198456,3681376.0
310,Loss/train,0.180728942155838,3684576.0
311,Loss/train,0.16802306473255157,3687776.0
312,Loss/train,0.12997813522815704,3690976.0
313,Loss/train,0.2183031439781189,3694176.0
314,Loss/train,0.17617279291152954,3697376.0
315,Loss/train,0.16711409389972687,3700576.0
316,Loss/train,0.13979780673980713,3703776.0
317,Loss/train,0.14166711270809174,3706976.0
318,Loss/train,0.19845573604106903,3710176.0
319,Loss/train,0.1542961448431015,3713376.0
320,Loss/train,0.14861847460269928,3716576.0
321,Loss/train,0.12677468359470367,3719776.0
322,Loss/train,0.13992571830749512,3722976.0
323,Loss/train,0.16468365490436554,3726176.0
324,Loss/train,0.156168133020401,3729376.0
325,Loss/train,0.18842165172100067,3732576.0
326,Loss/train,0.15577632188796997,3735776.0
327,Loss/train,0.19404973089694977,3738976.0
328,Loss/train,0.18019379675388336,3742176.0
329,Loss/train,0.1486346423625946,3745376.0
330,Loss/train,0.1333930641412735,3748576.0
331,Loss/train,0.18920738995075226,3751776.0
332,Loss/train,0.16414612531661987,3754976.0
333,Loss/train,0.2075878530740738,3758176.0
334,Loss/train,0.15429271757602692,3761376.0
335,Loss/train,0.14900340139865875,3764576.0
336,Loss/train,0.19801054894924164,3767776.0
337,Loss/train,0.15963415801525116,3770976.0
338,Loss/train,0.1674063503742218,3774176.0
339,Loss/train,0.15976667404174805,3777376.0
340,Loss/train,0.15850788354873657,3780576.0
341,Loss/train,0.1829005926847458,3783776.0
342,Loss/train,0.1609926074743271,3786976.0
343,Loss/train,0.1440817266702652,3790176.0
344,Loss/train,0.16978147625923157,3793376.0
345,Loss/train,0.17256078124046326,3796576.0
346,Loss/train,0.1671505719423294,3799776.0
347,Loss/train,0.15615873038768768,3802976.0
348,Loss/train,0.17005287110805511,3806176.0
349,Loss/train,0.17668846249580383,3809376.0
350,Loss/train,0.15040084719657898,3812576.0
351,Loss/train,0.16425821185112,3815776.0
352,Loss/train,0.21515712141990662,3818976.0
353,Loss/train,0.19868722558021545,3822176.0
354,Loss/train,0.21744117140769958,3825376.0
355,Loss/train,0.14849065244197845,3828576.0
356,Loss/train,0.14522255957126617,3831776.0
357,Loss/train,0.25946733355522156,3834976.0
358,Loss/train,0.15742544829845428,3838176.0
359,Loss/train,0.19090941548347473,3841376.0
360,Loss/train,0.2424284964799881,3844576.0
361,Loss/train,0.15735889971256256,3847776.0
362,Loss/train,0.18239335715770721,3850976.0
363,Loss/train,0.2103666514158249,3854176.0
364,Loss/train,0.1540951430797577,3857376.0
365,Loss/train,0.16942240297794342,3860576.0
366,Loss/train,0.12818588316440582,3863776.0
367,Loss/train,0.16713005304336548,3866976.0
368,Loss/train,0.14493685960769653,3870176.0
369,Loss/train,0.13763336837291718,3873376.0
370,Loss/train,0.1837257295846939,3876576.0
371,Loss/train,0.1595807522535324,3879776.0
372,Loss/train,0.18701888620853424,3882976.0
373,Loss/train,0.1547979861497879,3886176.0
374,Loss/train,0.14821834862232208,3889376.0
375,Loss/train,0.14540646970272064,3892576.0
376,Loss/train,0.2120589017868042,3895776.0
377,Loss/train,0.1577557772397995,3898976.0
378,Loss/train,0.22024425864219666,3902176.0
379,Loss/train,0.146010622382164,3905376.0
380,Loss/train,0.18283194303512573,3908576.0
381,Loss/train,0.18494197726249695,3911776.0
382,Loss/train,0.1875017285346985,3914976.0
383,Loss/train,0.17293938994407654,3918176.0
384,Loss/train,0.21142764389514923,3921376.0
385,Loss/train,0.18288645148277283,3924576.0
386,Loss/train,0.14385201036930084,3927776.0
387,Loss/train,0.2306945025920868,3930976.0
388,Loss/train,0.1620292365550995,3934176.0
389,Loss/train,0.142243891954422,3937376.0
390,Loss/train,0.18859010934829712,3940576.0
391,Loss/train,0.20561043918132782,3943776.0
392,Loss/train,0.1686507910490036,3946976.0
393,Loss/train,0.14930221438407898,3950176.0
394,Loss/train,0.13979162275791168,3953376.0
395,Loss/train,0.15575529634952545,3956576.0
396,Loss/train,0.12367021292448044,3959776.0
397,Loss/train,0.19510963559150696,3962976.0
398,Loss/train,0.13951322436332703,3966176.0
399,Loss/train,0.13098657131195068,3969376.0
400,Loss/train,0.16088199615478516,3972576.0
401,Loss/train,0.15167450904846191,3975776.0
402,Loss/train,0.1330593079328537,3978976.0
403,Loss/train,0.20253564417362213,3982176.0
404,Loss/train,0.1770135909318924,3985376.0
405,Loss/train,0.15198567509651184,3988576.0
406,Loss/train,0.16075339913368225,3991776.0
407,Loss/train,0.17371481657028198,3994976.0
408,Loss/train,0.148924320936203,3998176.0
409,Loss/train,0.20261257886886597,4001376.0
410,Loss/train,0.16174328327178955,4004576.0
411,Loss/train,0.20735035836696625,4007776.0
412,Loss/train,0.17744630575180054,4010976.0
413,Loss/train,0.18826395273208618,4014176.0
414,Loss/train,0.1687861979007721,4017376.0
415,Loss/train,0.1747262179851532,4020576.0
416,Loss/train,0.15772956609725952,4023776.0
417,Loss/train,0.1385636031627655,4026976.0
418,Loss/train,0.2060377597808838,4030176.0
419,Loss/train,0.1921064257621765,4033376.0
420,Loss/train,0.1646905392408371,4036576.0
421,Loss/train,0.15454845130443573,4039776.0
422,Loss/train,0.14812316000461578,4042976.0
423,Loss/train,0.22061142325401306,4046176.0
424,Loss/train,0.15139682590961456,4049376.0
425,Loss/train,0.1965024173259735,4052576.0
426,Loss/train,0.15412019193172455,4055776.0
427,Loss/train,0.17239782214164734,4058976.0
428,Loss/train,0.18203993141651154,4062176.0
429,Loss/train,0.2208670973777771,4065376.0
430,Loss/train,0.17318254709243774,4068576.0
431,Loss/train,0.143219456076622,4071776.0
432,Loss/train,0.18945856392383575,4074976.0
433,Loss/train,0.18326857686042786,4078176.0
434,Loss/train,0.15139898657798767,4081376.0
435,Loss/train,0.1742350310087204,4084576.0
436,Loss/train,0.17463625967502594,4087776.0
437,Loss/train,0.26114019751548767,4090976.0
438,Loss/train,0.2041892558336258,4094176.0
439,Loss/train,0.25366848707199097,4097376.0
440,Loss/train,0.23694941401481628,4100576.0
441,Loss/train,0.17393659055233002,4103776.0
442,Loss/train,0.14158961176872253,4106976.0
443,Loss/train,0.1812393218278885,4110176.0
444,Loss/train,0.2030523270368576,4113376.0
445,Loss/train,0.15530742704868317,4116576.0
446,Loss/train,0.186210036277771,4119776.0
447,Loss/train,0.1728169471025467,4122976.0
448,Loss/train,0.1422353833913803,4126176.0
449,Loss/train,0.14939990639686584,4129376.0
450,Loss/train,0.22151735424995422,4132576.0
451,Loss/train,0.16866186261177063,4135776.0
452,Loss/train,0.16242879629135132,4138976.0
453,Loss/train,0.12793858349323273,4142176.0
454,Loss/train,0.1769178807735443,4145376.0
455,Loss/train,0.14867772161960602,4148576.0
456,Loss/train,0.18863101303577423,4151776.0
457,Loss/train,0.1639833003282547,4154976.0
458,Loss/train,0.16094394028186798,4158176.0
459,Loss/train,0.19245128333568573,4161376.0
460,Loss/train,0.174567312002182,4164576.0
461,Loss/train,0.18749964237213135,4167776.0
462,Loss/train,0.17950448393821716,4170976.0
463,Loss/train,0.15769529342651367,4174176.0
464,Loss/train,0.14753279089927673,4177376.0
465,Loss/train,0.16193927824497223,4180576.0
466,Loss/train,0.1547212302684784,4183776.0
467,Loss/train,0.17652437090873718,4186976.0
468,Loss/train,0.1425933837890625,4190176.0
469,Loss/train,0.15628090500831604,4193376.0
470,Loss/train,0.18359114229679108,4196576.0
471,Loss/train,0.17499342560768127,4199776.0
472,Loss/train,0.19120250642299652,4202976.0
473,Loss/train,0.18021605908870697,4206176.0
474,Loss/train,0.19204765558242798,4209376.0
475,Loss/train,0.1485070288181305,4212576.0
476,Loss/train,0.1925741732120514,4215776.0
477,Loss/train,0.17214623093605042,4218976.0
478,Loss/train,0.1683935672044754,4222176.0
479,Loss/train,0.14244818687438965,4225376.0
480,Loss/train,0.13829311728477478,4228576.0
481,Loss/train,0.15560400485992432,4231776.0
482,Loss/train,0.1386888176202774,4234976.0
483,Loss/train,0.1879388839006424,4238176.0
484,Loss/train,0.1380668729543686,4241376.0
485,Loss/train,0.15389488637447357,4244576.0
486,Loss/train,0.15513305366039276,4247776.0
487,Loss/train,0.13912688195705414,4250976.0
488,Loss/train,0.1508811116218567,4254176.0
489,Loss/train,0.18750421702861786,4257376.0
490,Loss/train,0.18469996750354767,4260576.0
491,Loss/train,0.1819474846124649,4263776.0
492,Loss/train,0.19748333096504211,4266976.0
493,Loss/train,0.13493487238883972,4270176.0
494,Loss/train,0.1607411503791809,4273376.0
495,Loss/train,0.15120850503444672,4276576.0
496,Loss/train,0.1532682329416275,4279776.0
497,Loss/train,0.15678131580352783,4282976.0
498,Loss/train,0.16049671173095703,4286176.0
499,Loss/train,0.18324163556098938,4289376.0
500,Loss/train,0.12493977695703506,4292576.0
501,Loss/train,0.15409214794635773,4295776.0
502,Loss/train,0.16958019137382507,4298976.0
503,Loss/train,0.2067061811685562,4302176.0
504,Loss/train,0.1883792132139206,4305376.0
505,Loss/train,0.1622922569513321,4308576.0
506,Loss/train,0.12658275663852692,4311776.0
507,Loss/train,0.1620149165391922,4314976.0
508,Loss/train,0.12277238816022873,4318176.0
509,Loss/train,0.17141182720661163,4321376.0
510,Loss/train,0.13830304145812988,4324576.0
511,Loss/train,0.16182900965213776,4327776.0
512,Loss/train,0.12758074700832367,4330976.0
513,Loss/train,0.13988256454467773,4334176.0
514,Loss/train,0.17102573812007904,4337376.0
515,Loss/train,0.1638147234916687,4340576.0
516,Loss/train,0.11917667835950851,4343776.0
517,Loss/train,0.14838097989559174,4346976.0
518,Loss/train,0.19714118540287018,4350176.0
519,Loss/train,0.16638168692588806,4353376.0
520,Loss/train,0.1842733472585678,4356576.0
521,Loss/train,0.13862107694149017,4359776.0
522,Loss/train,0.15971042215824127,4362976.0
523,Loss/train,0.16591687500476837,4366176.0
524,Loss/train,0.15658071637153625,4369376.0
525,Loss/train,0.12014316022396088,4372576.0
526,Loss/train,0.13027289509773254,4375776.0
527,Loss/train,0.16066837310791016,4378976.0
528,Loss/train,0.15087561309337616,4382176.0
529,Loss/train,0.13438808917999268,4385376.0
530,Loss/train,0.22308257222175598,4388576.0
531,Loss/train,0.1624222844839096,4391776.0
532,Loss/train,0.19752739369869232,4394976.0
533,Loss/train,0.20465849339962006,4398176.0
534,Loss/train,0.15403488278388977,4401376.0
535,Loss/train,0.14643432199954987,4404576.0
536,Loss/train,0.16809521615505219,4407776.0
537,Loss/train,0.19670997560024261,4410976.0
538,Loss/train,0.17347975075244904,4414176.0
539,Loss/train,0.15180683135986328,4417376.0
540,Loss/train,0.1596841961145401,4420576.0
541,Loss/train,0.1584061235189438,4423776.0
542,Loss/train,0.14226901531219482,4426976.0
543,Loss/train,0.1552046537399292,4430176.0
544,Loss/train,0.19690392911434174,4433376.0
545,Loss/train,0.17822451889514923,4436576.0
546,Loss/train,0.14970900118350983,4439776.0
547,Loss/train,0.13818375766277313,4442976.0
548,Loss/train,0.18257465958595276,4446176.0
549,Loss/train,0.1714644432067871,4449376.0
550,Loss/train,0.1340116709470749,4452576.0
551,Loss/train,0.19162072241306305,4455776.0
552,Loss/train,0.1700478345155716,4458976.0
553,Loss/train,0.1587536484003067,4462176.0
554,Loss/train,0.14979040622711182,4465376.0
555,Loss/train,0.13817904889583588,4468576.0
556,Loss/train,0.14561142027378082,4471776.0
557,Loss/train,0.1354931890964508,4474976.0
558,Loss/train,0.12827445566654205,4478176.0
559,Loss/train,0.21140135824680328,4481376.0
560,Loss/train,0.227524995803833,4484576.0
561,Loss/train,0.14746467769145966,4487776.0
562,Loss/train,0.18827442824840546,4487808.0
563,Loss/train,0.1468048095703125,4491008.0
564,Loss/train,0.1588156372308731,4494208.0
565,Loss/train,0.17940674722194672,4497408.0
566,Loss/train,0.14483365416526794,4500608.0
567,Loss/train,0.12343768030405045,4503808.0
568,Loss/train,0.15424270927906036,4507008.0
569,Loss/train,0.2318275272846222,4510208.0
570,Loss/train,0.1228267028927803,4513408.0
571,Loss/train,0.11603696644306183,4516608.0
572,Loss/train,0.15755613148212433,4519808.0
573,Loss/train,0.16118645668029785,4523008.0
574,Loss/train,0.14846910536289215,4526208.0
575,Loss/train,0.14037750661373138,4529408.0
576,Loss/train,0.14972420036792755,4532608.0
577,Loss/train,0.11777696758508682,4535808.0
578,Loss/train,0.1421937644481659,4539008.0
579,Loss/train,0.1376793533563614,4542208.0
580,Loss/train,0.1608211100101471,4545408.0
581,Loss/train,0.14642779529094696,4548608.0
582,Loss/train,0.13687549531459808,4551808.0
583,Loss/train,0.11256349831819534,4555008.0
584,Loss/train,0.11028370261192322,4558208.0
585,Loss/train,0.14630970358848572,4561408.0
586,Loss/train,0.1470002382993698,4564608.0
587,Loss/train,0.1304750144481659,4567808.0
588,Loss/train,0.11579892039299011,4571008.0
589,Loss/train,0.15240642428398132,4574208.0
590,Loss/train,0.16717615723609924,4577408.0
591,Loss/train,0.14312539994716644,4580608.0
592,Loss/train,0.17237107455730438,4583808.0
593,Loss/train,0.20702718198299408,4587008.0
594,Loss/train,0.1876712143421173,4590208.0
595,Loss/train,0.15793608129024506,4593408.0
596,Loss/train,0.17234891653060913,4596608.0
597,Loss/train,0.14716632664203644,4599808.0
598,Loss/train,0.18252842128276825,4603008.0
599,Loss/train,0.1674024611711502,4606208.0
600,Loss/train,0.12436647713184357,4609408.0
601,Loss/train,0.14111220836639404,4612608.0
602,Loss/train,0.11260168999433517,4615808.0
603,Loss/train,0.1299191117286682,4619008.0
604,Loss/train,0.1758035123348236,4622208.0
605,Loss/train,0.135426327586174,4625408.0
606,Loss/train,0.20227423310279846,4628608.0
607,Loss/train,0.16471844911575317,4631808.0
608,Loss/train,0.11685594171285629,4635008.0
609,Loss/train,0.13647395372390747,4638208.0
610,Loss/train,0.129811629652977,4641408.0
611,Loss/train,0.17627239227294922,4644608.0
612,Loss/train,0.21552617847919464,4647808.0
613,Loss/train,0.1722896844148636,4651008.0
614,Loss/train,0.1675891876220703,4654208.0
615,Loss/train,0.1399008184671402,4657408.0
616,Loss/train,0.12859700620174408,4660608.0
617,Loss/train,0.11870607733726501,4663808.0
618,Loss/train,0.14053267240524292,4667008.0
619,Loss/train,0.19255399703979492,4670208.0
620,Loss/train,0.1469431221485138,4673408.0
621,Loss/train,0.20741263031959534,4676608.0
622,Loss/train,0.15692351758480072,4679808.0
623,Loss/train,0.17547626793384552,4683008.0
624,Loss/train,0.1286710947751999,4686208.0
625,Loss/train,0.11976908892393112,4689408.0
626,Loss/train,0.1485152691602707,4692608.0
627,Loss/train,0.17906132340431213,4695808.0
628,Loss/train,0.144708514213562,4699008.0
629,Loss/train,0.1819935142993927,4702208.0
630,Loss/train,0.14077569544315338,4705408.0
631,Loss/train,0.15836326777935028,4708608.0
632,Loss/train,0.18217098712921143,4711808.0
633,Loss/train,0.12408976256847382,4715008.0
634,Loss/train,0.150130957365036,4718208.0
635,Loss/train,0.1693524867296219,4721408.0
636,Loss/train,0.12764300405979156,4724608.0
637,Loss/train,0.21564996242523193,4727808.0
638,Loss/train,0.15638084709644318,4731008.0
639,Loss/train,0.12643063068389893,4734208.0
640,Loss/train,0.15988454222679138,4737408.0
641,Loss/train,0.1561858057975769,4740608.0
642,Loss/train,0.13179492950439453,4743808.0
643,Loss/train,0.15002964437007904,4747008.0
644,Loss/train,0.13435867428779602,4750208.0
645,Loss/train,0.12520332634449005,4753408.0
646,Loss/train,0.1423148363828659,4756608.0
647,Loss/train,0.1345144659280777,4759808.0
648,Loss/train,0.18749292194843292,4763008.0
649,Loss/train,0.17984254658222198,4766208.0
650,Loss/train,0.17275013029575348,4769408.0
651,Loss/train,0.14116287231445312,4772608.0
652,Loss/train,0.14440660178661346,4775808.0
653,Loss/train,0.2010042518377304,4779008.0
654,Loss/train,0.1673126369714737,4782208.0
655,Loss/train,0.11959527432918549,4785408.0
656,Loss/train,0.1607952117919922,4788608.0
657,Loss/train,0.16745474934577942,4791808.0
658,Loss/train,0.13069917261600494,4795008.0
659,Loss/train,0.127644345164299,4798208.0
660,Loss/train,0.12196770310401917,4801408.0
661,Loss/train,0.13040560483932495,4804608.0
662,Loss/train,0.1981457620859146,4807808.0
663,Loss/train,0.11269170045852661,4811008.0
664,Loss/train,0.14195699989795685,4814208.0
665,Loss/train,0.13679252564907074,4817408.0
666,Loss/train,0.14209458231925964,4820608.0
667,Loss/train,0.18475697934627533,4823808.0
668,Loss/train,0.19355478882789612,4827008.0
669,Loss/train,0.189940944314003,4830208.0
670,Loss/train,0.15049637854099274,4833408.0
671,Loss/train,0.10748911648988724,4836608.0
672,Loss/train,0.11584300547838211,4839808.0
673,Loss/train,0.14439895749092102,4843008.0
674,Loss/train,0.14020223915576935,4846208.0
675,Loss/train,0.11318019777536392,4849408.0
676,Loss/train,0.13697955012321472,4852608.0
677,Loss/train,0.15678519010543823,4855808.0
678,Loss/train,0.21514952182769775,4859008.0
679,Loss/train,0.15601301193237305,4862208.0
680,Loss/train,0.12071498483419418,4865408.0
681,Loss/train,0.18746285140514374,4868608.0
682,Loss/train,0.20151279866695404,4871808.0
683,Loss/train,0.17396202683448792,4875008.0
684,Loss/train,0.15651585161685944,4878208.0
685,Loss/train,0.14285239577293396,4881408.0
686,Loss/train,0.14323705434799194,4884608.0
687,Loss/train,0.1557440161705017,4887808.0
688,Loss/train,0.1583372801542282,4891008.0
689,Loss/train,0.13345029950141907,4894208.0
690,Loss/train,0.12222928553819656,4897408.0
691,Loss/train,0.14937689900398254,4900608.0
692,Loss/train,0.14219294488430023,4903808.0
693,Loss/train,0.13892750442028046,4907008.0
694,Loss/train,0.09413981437683105,4910208.0
695,Loss/train,0.16372062265872955,4913408.0
696,Loss/train,0.14346672594547272,4916608.0
697,Loss/train,0.13057775795459747,4919808.0
698,Loss/train,0.1079966127872467,4923008.0
699,Loss/train,0.15210288763046265,4926208.0
700,Loss/train,0.13693568110466003,4929408.0
701,Loss/train,0.2023123949766159,4932608.0
702,Loss/train,0.11786539852619171,4935808.0
703,Loss/train,0.1352025419473648,4939008.0
704,Loss/train,0.14268839359283447,4942208.0
705,Loss/train,0.15631139278411865,4945408.0
706,Loss/train,0.14987951517105103,4948608.0
707,Loss/train,0.12076523900032043,4951808.0
708,Loss/train,0.1772613823413849,4955008.0
709,Loss/train,0.12115459144115448,4958208.0
710,Loss/train,0.18432581424713135,4961408.0
711,Loss/train,0.13221700489521027,4964608.0
712,Loss/train,0.13542412221431732,4967808.0
713,Loss/train,0.156449556350708,4971008.0
714,Loss/train,0.13314037024974823,4974208.0
715,Loss/train,0.14543135464191437,4977408.0
716,Loss/train,0.15535831451416016,4980608.0
717,Loss/train,0.1588982343673706,4983808.0
718,Loss/train,0.16049042344093323,4987008.0
719,Loss/train,0.13235677778720856,4990208.0
720,Loss/train,0.14695049822330475,4993408.0
721,Loss/train,0.11526984721422195,4996608.0
722,Loss/train,0.1333979368209839,4999808.0
723,Loss/train,0.11867264658212662,5003008.0
724,Loss/train,0.12516292929649353,5006208.0
725,Loss/train,0.15338829159736633,5009408.0
726,Loss/train,0.12874794006347656,5012608.0
727,Loss/train,0.1299353390932083,5015808.0
728,Loss/train,0.116811603307724,5019008.0
729,Loss/train,0.16506172716617584,5022208.0
730,Loss/train,0.16694346070289612,5025408.0
731,Loss/train,0.17663638293743134,5028608.0
732,Loss/train,0.14758342504501343,5031808.0
733,Loss/train,0.13468772172927856,5035008.0
734,Loss/train,0.1475902497768402,5038208.0
735,Loss/train,0.13930200040340424,5041408.0
736,Loss/train,0.16825921833515167,5044608.0
737,Loss/train,0.19090281426906586,5047808.0
738,Loss/train,0.154873788356781,5051008.0
739,Loss/train,0.18685738742351532,5054208.0
740,Loss/train,0.1491381824016571,5057408.0
741,Loss/train,0.14479240775108337,5060608.0
742,Loss/train,0.14551906287670135,5063808.0
743,Loss/train,0.12838268280029297,5067008.0
744,Loss/train,0.1478506475687027,5070208.0
745,Loss/train,0.1396474540233612,5073408.0
746,Loss/train,0.17314445972442627,5076608.0
747,Loss/train,0.14227880537509918,5079808.0
748,Loss/train,0.16318722069263458,5083008.0
749,Loss/train,0.13254940509796143,5086208.0
750,Loss/train,0.14325566589832306,5089408.0
751,Loss/train,0.10878171026706696,5092608.0
752,Loss/train,0.20440486073493958,5095808.0
753,Loss/train,0.1264270842075348,5099008.0
754,Loss/train,0.16421261429786682,5102208.0
755,Loss/train,0.16384145617485046,5105408.0
756,Loss/train,0.18204882740974426,5108608.0
757,Loss/train,0.13540586829185486,5111808.0
758,Loss/train,0.20579349994659424,5115008.0
759,Loss/train,0.132681742310524,5118208.0
760,Loss/train,0.17838793992996216,5121408.0
761,Loss/train,0.15801413357257843,5124608.0
762,Loss/train,0.18591570854187012,5127808.0
763,Loss/train,0.08261483162641525,5131008.0
764,Loss/train,0.14430852234363556,5134208.0
765,Loss/train,0.18008345365524292,5137408.0
766,Loss/train,0.20151081681251526,5140608.0
767,Loss/train,0.14770440757274628,5143808.0
768,Loss/train,0.11890717595815659,5147008.0
769,Loss/train,0.11669830977916718,5150208.0
770,Loss/train,0.16179820895195007,5153408.0
771,Loss/train,0.17457041144371033,5156608.0
772,Loss/train,0.15334127843379974,5159808.0
773,Loss/train,0.15108437836170197,5163008.0
774,Loss/train,0.15347260236740112,5166208.0
775,Loss/train,0.15354493260383606,5169408.0
776,Loss/train,0.13778255879878998,5172608.0
777,Loss/train,0.13721288740634918,5175808.0
778,Loss/train,0.1683529168367386,5179008.0
779,Loss/train,0.15794901549816132,5182208.0
780,Loss/train,0.14444312453269958,5185408.0
781,Loss/train,0.17252293229103088,5188608.0
782,Loss/train,0.10600193589925766,5191808.0
783,Loss/train,0.14509834349155426,5195008.0
784,Loss/train,0.11139369755983353,5198208.0
785,Loss/train,0.16836774349212646,5201408.0
786,Loss/train,0.18089357018470764,5204608.0
787,Loss/train,0.13271550834178925,5207808.0
788,Loss/train,0.15212734043598175,5211008.0
789,Loss/train,0.1588856428861618,5214208.0
790,Loss/train,0.12590999901294708,5217408.0
791,Loss/train,0.13810810446739197,5220608.0
792,Loss/train,0.14667582511901855,5223808.0
793,Loss/train,0.148464173078537,5227008.0
794,Loss/train,0.1850871592760086,5230208.0
795,Loss/train,0.14459837973117828,5233408.0
796,Loss/train,0.13662709295749664,5236608.0
797,Loss/train,0.11519767343997955,5239808.0
798,Loss/train,0.16044971346855164,5243008.0
799,Loss/train,0.1756925731897354,5246208.0
800,Loss/train,0.14377030730247498,5249408.0
801,Loss/train,0.13385866582393646,5252608.0
802,Loss/train,0.13637329638004303,5255808.0
803,Loss/train,0.13163214921951294,5259008.0
804,Loss/train,0.15211474895477295,5262208.0
805,Loss/train,0.16474172472953796,5265408.0
806,Loss/train,0.12202901393175125,5268608.0
807,Loss/train,0.13558408617973328,5271808.0
808,Loss/train,0.11788266897201538,5275008.0
809,Loss/train,0.14171136915683746,5278208.0
810,Loss/train,0.1205482929944992,5281408.0
811,Loss/train,0.09772225469350815,5284608.0
812,Loss/train,0.13800731301307678,5287808.0
813,Loss/train,0.14624804258346558,5291008.0
814,Loss/train,0.1426323652267456,5294208.0
815,Loss/train,0.14315401017665863,5297408.0
816,Loss/train,0.15262053906917572,5300608.0
817,Loss/train,0.11786627024412155,5303808.0
818,Loss/train,0.17184872925281525,5307008.0
819,Loss/train,0.15517468750476837,5310208.0
820,Loss/train,0.16666164994239807,5313408.0
821,Loss/train,0.16422809660434723,5316608.0
822,Loss/train,0.17646585404872894,5319808.0
823,Loss/train,0.12592075765132904,5323008.0
824,Loss/train,0.1008298322558403,5326208.0
825,Loss/train,0.14290283620357513,5329408.0
826,Loss/train,0.14231766760349274,5332608.0
827,Loss/train,0.14141353964805603,5335808.0
828,Loss/train,0.1298009306192398,5339008.0
829,Loss/train,0.17612113058567047,5342208.0
830,Loss/train,0.12378346920013428,5345408.0
831,Loss/train,0.12900206446647644,5348608.0
832,Loss/train,0.15640227496623993,5351808.0
833,Loss/train,0.12493940442800522,5355008.0
834,Loss/train,0.11417927592992783,5358208.0
835,Loss/train,0.1088571846485138,5361408.0
836,Loss/train,0.11493285000324249,5364608.0
837,Loss/train,0.12513120472431183,5367808.0
838,Loss/train,0.13778899610042572,5371008.0
839,Loss/train,0.1695021390914917,5374208.0
840,Loss/train,0.12660391628742218,5377408.0
841,Loss/train,0.16057272255420685,5380608.0
842,Loss/train,0.12210617959499359,5383808.0
843,Loss/train,0.10814312100410461,5383840.0
844,Loss/train,0.11672810465097427,5387040.0
845,Loss/train,0.14726097881793976,5390240.0
846,Loss/train,0.19687829911708832,5393440.0
847,Loss/train,0.17870710790157318,5396640.0
848,Loss/train,0.15629206597805023,5399840.0
849,Loss/train,0.1427023708820343,5403040.0
850,Loss/train,0.10764170438051224,5406240.0
851,Loss/train,0.12884502112865448,5409440.0
852,Loss/train,0.15466195344924927,5412640.0
853,Loss/train,0.13605207204818726,5415840.0
854,Loss/train,0.10983268171548843,5419040.0
855,Loss/train,0.1643216758966446,5422240.0
856,Loss/train,0.15993280708789825,5425440.0
857,Loss/train,0.14800797402858734,5428640.0
858,Loss/train,0.14011037349700928,5431840.0
859,Loss/train,0.10904660075902939,5435040.0
860,Loss/train,0.16172604262828827,5438240.0
861,Loss/train,0.16962316632270813,5441440.0
862,Loss/train,0.09994184970855713,5444640.0
863,Loss/train,0.11654513329267502,5447840.0
864,Loss/train,0.10663097351789474,5451040.0
865,Loss/train,0.1361246109008789,5454240.0
866,Loss/train,0.1253269463777542,5457440.0
867,Loss/train,0.13756784796714783,5460640.0
868,Loss/train,0.12467601150274277,5463840.0
869,Loss/train,0.09505490213632584,5467040.0
870,Loss/train,0.13146454095840454,5470240.0
871,Loss/train,0.12808778882026672,5473440.0
872,Loss/train,0.15912199020385742,5476640.0
873,Loss/train,0.10794231295585632,5479840.0
874,Loss/train,0.1562230885028839,5483040.0
875,Loss/train,0.13259226083755493,5486240.0
876,Loss/train,0.16319769620895386,5489440.0
877,Loss/train,0.14594271779060364,5492640.0
878,Loss/train,0.10381163656711578,5495840.0
879,Loss/train,0.11277807503938675,5499040.0
880,Loss/train,0.14015622437000275,5502240.0
881,Loss/train,0.12470926344394684,5505440.0
882,Loss/train,0.18156221508979797,5508640.0
883,Loss/train,0.17736893892288208,5511840.0
884,Loss/train,0.1718750149011612,5515040.0
885,Loss/train,0.13726988434791565,5518240.0
886,Loss/train,0.1644660234451294,5521440.0
887,Loss/train,0.1084061712026596,5524640.0
888,Loss/train,0.1273518055677414,5527840.0
889,Loss/train,0.1429375410079956,5531040.0
890,Loss/train,0.13056783378124237,5534240.0
891,Loss/train,0.1795363575220108,5537440.0
892,Loss/train,0.1193721815943718,5540640.0
893,Loss/train,0.14544330537319183,5543840.0
894,Loss/train,0.12280472368001938,5547040.0
895,Loss/train,0.17322523891925812,5550240.0
896,Loss/train,0.14564289152622223,5553440.0
897,Loss/train,0.14959171414375305,5556640.0
898,Loss/train,0.13142681121826172,5559840.0
899,Loss/train,0.14508923888206482,5563040.0
900,Loss/train,0.14659540355205536,5566240.0
901,Loss/train,0.19961245357990265,5569440.0
902,Loss/train,0.13174718618392944,5572640.0
903,Loss/train,0.12681463360786438,5575840.0
904,Loss/train,0.13673295080661774,5579040.0
905,Loss/train,0.11283276975154877,5582240.0
906,Loss/train,0.14609982073307037,5585440.0
907,Loss/train,0.14634911715984344,5588640.0
908,Loss/train,0.12275959551334381,5591840.0
909,Loss/train,0.1903899610042572,5595040.0
910,Loss/train,0.18435201048851013,5598240.0
911,Loss/train,0.14025026559829712,5601440.0
912,Loss/train,0.1796678602695465,5604640.0
913,Loss/train,0.11412281543016434,5607840.0
914,Loss/train,0.14921143651008606,5611040.0
915,Loss/train,0.10747521370649338,5614240.0
916,Loss/train,0.1728101372718811,5617440.0
917,Loss/train,0.19239570200443268,5620640.0
918,Loss/train,0.1722186952829361,5623840.0
919,Loss/train,0.1420106440782547,5627040.0
920,Loss/train,0.20953714847564697,5630240.0
921,Loss/train,0.11192521452903748,5633440.0
922,Loss/train,0.20441430807113647,5636640.0
923,Loss/train,0.1840154528617859,5639840.0
924,Loss/train,0.11140365153551102,5643040.0
925,Loss/train,0.20932038128376007,5646240.0
926,Loss/train,0.11399652808904648,5649440.0
927,Loss/train,0.10425704717636108,5652640.0
928,Loss/train,0.11572764813899994,5655840.0
929,Loss/train,0.1388608068227768,5659040.0
930,Loss/train,0.1408831924200058,5662240.0
931,Loss/train,0.151335671544075,5665440.0
932,Loss/train,0.14469894766807556,5668640.0
933,Loss/train,0.15580087900161743,5671840.0
934,Loss/train,0.123741514980793,5675040.0
935,Loss/train,0.09989940375089645,5678240.0
936,Loss/train,0.14605480432510376,5681440.0
937,Loss/train,0.1556006520986557,5684640.0
938,Loss/train,0.08335980027914047,5687840.0
939,Loss/train,0.11308391392230988,5691040.0
940,Loss/train,0.11490915715694427,5694240.0
941,Loss/train,0.11903580278158188,5697440.0
942,Loss/train,0.2006191462278366,5700640.0
943,Loss/train,0.15847866237163544,5703840.0
944,Loss/train,0.14352011680603027,5707040.0
945,Loss/train,0.16830796003341675,5710240.0
946,Loss/train,0.14451734721660614,5713440.0
947,Loss/train,0.14127369225025177,5716640.0
948,Loss/train,0.1199091449379921,5719840.0
949,Loss/train,0.09504516422748566,5723040.0
950,Loss/train,0.12495282292366028,5726240.0
951,Loss/train,0.1335797756910324,5729440.0
952,Loss/train,0.17567460238933563,5732640.0
953,Loss/train,0.1230112686753273,5735840.0
954,Loss/train,0.14318279922008514,5739040.0
955,Loss/train,0.15037615597248077,5742240.0
956,Loss/train,0.15659403800964355,5745440.0
957,Loss/train,0.1083577498793602,5748640.0
958,Loss/train,0.1788320243358612,5751840.0
959,Loss/train,0.13595351576805115,5755040.0
960,Loss/train,0.10494957864284515,5758240.0
961,Loss/train,0.19043736159801483,5761440.0
962,Loss/train,0.11990958452224731,5764640.0
963,Loss/train,0.13782891631126404,5767840.0
964,Loss/train,0.12881729006767273,5771040.0
965,Loss/train,0.12223716080188751,5774240.0
966,Loss/train,0.11809785664081573,5777440.0
967,Loss/train,0.19081205129623413,5780640.0
968,Loss/train,0.1456565409898758,5783840.0
969,Loss/train,0.1172437071800232,5787040.0
970,Loss/train,0.16193993389606476,5790240.0
971,Loss/train,0.18260839581489563,5793440.0
972,Loss/train,0.13732819259166718,5796640.0
973,Loss/train,0.18978537619113922,5799840.0
974,Loss/train,0.11429008096456528,5803040.0
975,Loss/train,0.1477559506893158,5806240.0
976,Loss/train,0.11992522329092026,5809440.0
977,Loss/train,0.12340294569730759,5812640.0
978,Loss/train,0.10789674520492554,5815840.0
979,Loss/train,0.1295236200094223,5819040.0
980,Loss/train,0.08178769797086716,5822240.0
981,Loss/train,0.15351447463035583,5825440.0
982,Loss/train,0.1298353224992752,5828640.0
983,Loss/train,0.17356126010417938,5831840.0
984,Loss/train,0.15352527797222137,5835040.0
985,Loss/train,0.1622050702571869,5838240.0
986,Loss/train,0.1526140570640564,5841440.0
987,Loss/train,0.1077519878745079,5844640.0
988,Loss/train,0.14806285500526428,5847840.0
989,Loss/train,0.12757056951522827,5851040.0
990,Loss/train,0.12029797583818436,5854240.0
991,Loss/train,0.10991999506950378,5857440.0
992,Loss/train,0.09862832725048065,5860640.0
993,Loss/train,0.12832792103290558,5863840.0
994,Loss/train,0.18968775868415833,5867040.0
995,Loss/train,0.12747259438037872,5870240.0
996,Loss/train,0.11738178879022598,5873440.0
997,Loss/train,0.1871958076953888,5876640.0
998,Loss/train,0.14987771213054657,5879840.0
999,Loss/train,0.12705719470977783,5883040.0
1000,Loss/train,0.12712755799293518,5886240.0
1001,Loss/train,0.1361348032951355,5889440.0
1002,Loss/train,0.13117370009422302,5892640.0
1003,Loss/train,0.14582902193069458,5895840.0
1004,Loss/train,0.11885792016983032,5899040.0
1005,Loss/train,0.1059059277176857,5902240.0
1006,Loss/train,0.12521634995937347,5905440.0
1007,Loss/train,0.1371469497680664,5908640.0
1008,Loss/train,0.12807174026966095,5911840.0
1009,Loss/train,0.11144472658634186,5915040.0
1010,Loss/train,0.10884042829275131,5918240.0
1011,Loss/train,0.13634875416755676,5921440.0
1012,Loss/train,0.13530968129634857,5924640.0
1013,Loss/train,0.11454914510250092,5927840.0
1014,Loss/train,0.10976483672857285,5931040.0
1015,Loss/train,0.1211162656545639,5934240.0
1016,Loss/train,0.1468183845281601,5937440.0
1017,Loss/train,0.11874857544898987,5940640.0
1018,Loss/train,0.10042942315340042,5943840.0
1019,Loss/train,0.09671654552221298,5947040.0
1020,Loss/train,0.12355007231235504,5950240.0
1021,Loss/train,0.15241526067256927,5953440.0
1022,Loss/train,0.12491176277399063,5956640.0
1023,Loss/train,0.11799313873052597,5959840.0
1024,Loss/train,0.16267472505569458,5963040.0
1025,Loss/train,0.16433627903461456,5966240.0
1026,Loss/train,0.12483390420675278,5969440.0
1027,Loss/train,0.160512775182724,5972640.0
1028,Loss/train,0.125372976064682,5975840.0
1029,Loss/train,0.10399814695119858,5979040.0
1030,Loss/train,0.14846764504909515,5982240.0
1031,Loss/train,0.10823381692171097,5985440.0
1032,Loss/train,0.16299277544021606,5988640.0
1033,Loss/train,0.10510901361703873,5991840.0
1034,Loss/train,0.13214047253131866,5995040.0
1035,Loss/train,0.13310986757278442,5998240.0
1036,Loss/train,0.10962602496147156,6001440.0
1037,Loss/train,0.08090702444314957,6004640.0
1038,Loss/train,0.11694929748773575,6007840.0
1039,Loss/train,0.14127197861671448,6011040.0
1040,Loss/train,0.12762360274791718,6014240.0
1041,Loss/train,0.09089340269565582,6017440.0
1042,Loss/train,0.13105730712413788,6020640.0
1043,Loss/train,0.1439419835805893,6023840.0
1044,Loss/train,0.0898856371641159,6027040.0
1045,Loss/train,0.07142874598503113,6030240.0
1046,Loss/train,0.13209687173366547,6033440.0
1047,Loss/train,0.136062353849411,6036640.0
1048,Loss/train,0.1273426115512848,6039840.0
1049,Loss/train,0.10500761866569519,6043040.0
1050,Loss/train,0.12254679948091507,6046240.0
1051,Loss/train,0.1489601880311966,6049440.0
1052,Loss/train,0.09550586342811584,6052640.0
1053,Loss/train,0.12538257241249084,6055840.0
1054,Loss/train,0.11168910562992096,6059040.0
1055,Loss/train,0.12780912220478058,6062240.0
1056,Loss/train,0.09910912811756134,6065440.0
1057,Loss/train,0.1369655728340149,6068640.0
1058,Loss/train,0.19875742495059967,6071840.0
1059,Loss/train,0.159613698720932,6075040.0
1060,Loss/train,0.1166694387793541,6078240.0
1061,Loss/train,0.14147309958934784,6081440.0
1062,Loss/train,0.13664589822292328,6084640.0
1063,Loss/train,0.14212143421173096,6087840.0
1064,Loss/train,0.09199085831642151,6091040.0
1065,Loss/train,0.0938928946852684,6094240.0
1066,Loss/train,0.15370991826057434,6097440.0
1067,Loss/train,0.08980342745780945,6100640.0
1068,Loss/train,0.11903566867113113,6103840.0
1069,Loss/train,0.14881284534931183,6107040.0
1070,Loss/train,0.11017082631587982,6110240.0
1071,Loss/train,0.14695657789707184,6113440.0
1072,Loss/train,0.11232919245958328,6116640.0
1073,Loss/train,0.11953283846378326,6119840.0
1074,Loss/train,0.13070058822631836,6123040.0
1075,Loss/train,0.1671733856201172,6126240.0
1076,Loss/train,0.12251439690589905,6129440.0
1077,Loss/train,0.15207669138908386,6132640.0
1078,Loss/train,0.17646056413650513,6135840.0
1079,Loss/train,0.14857175946235657,6139040.0
1080,Loss/train,0.12295649200677872,6142240.0
1081,Loss/train,0.1563258022069931,6145440.0
1082,Loss/train,0.1295849233865738,6148640.0
1083,Loss/train,0.15661995112895966,6151840.0
1084,Loss/train,0.09275582432746887,6155040.0
1085,Loss/train,0.10610847175121307,6158240.0
1086,Loss/train,0.16423720121383667,6161440.0
1087,Loss/train,0.15996918082237244,6164640.0
1088,Loss/train,0.12224863469600677,6167840.0
1089,Loss/train,0.1125328540802002,6171040.0
1090,Loss/train,0.10461992025375366,6174240.0
1091,Loss/train,0.09930089116096497,6177440.0
1092,Loss/train,0.16817006468772888,6180640.0
1093,Loss/train,0.07945780456066132,6183840.0
1094,Loss/train,0.164714515209198,6187040.0
1095,Loss/train,0.1262531280517578,6190240.0
1096,Loss/train,0.1453690379858017,6193440.0
1097,Loss/train,0.15517817437648773,6196640.0
1098,Loss/train,0.10267721861600876,6199840.0
1099,Loss/train,0.08651787042617798,6203040.0
1100,Loss/train,0.10585329681634903,6206240.0
1101,Loss/train,0.09578095376491547,6209440.0
1102,Loss/train,0.10869458317756653,6212640.0
1103,Loss/train,0.14064154028892517,6215840.0
1104,Loss/train,0.11378812044858932,6219040.0
1105,Loss/train,0.1698354184627533,6222240.0
1106,Loss/train,0.13590696454048157,6225440.0
1107,Loss/train,0.14182524383068085,6228640.0
1108,Loss/train,0.12036924064159393,6231840.0
1109,Loss/train,0.07561714947223663,6235040.0
1110,Loss/train,0.1553674191236496,6238240.0
1111,Loss/train,0.2157084047794342,6241440.0
1112,Loss/train,0.09433037042617798,6244640.0
1113,Loss/train,0.12792828679084778,6247840.0
1114,Loss/train,0.14440350234508514,6251040.0
1115,Loss/train,0.08592206984758377,6254240.0
1116,Loss/train,0.08678670972585678,6257440.0
1117,Loss/train,0.12540851533412933,6260640.0
1118,Loss/train,0.09418335556983948,6263840.0
1119,Loss/train,0.15329506993293762,6267040.0
1120,Loss/train,0.1487462967634201,6270240.0
1121,Loss/train,0.18391118943691254,6273440.0
1122,Loss/train,0.11072506755590439,6276640.0
1123,Loss/train,0.12073995172977448,6279840.0
1124,Loss/train,0.10636882483959198,6279872.0
1125,Loss/train,0.16255754232406616,6283072.0
1126,Loss/train,0.08969233185052872,6286272.0
1127,Loss/train,0.09276416897773743,6289472.0
1128,Loss/train,0.13980120420455933,6292672.0
1129,Loss/train,0.10794027149677277,6295872.0
1130,Loss/train,0.1389130800962448,6299072.0
1131,Loss/train,0.14917905628681183,6302272.0
1132,Loss/train,0.15185531973838806,6305472.0
1133,Loss/train,0.1200496107339859,6308672.0
1134,Loss/train,0.13644491136074066,6311872.0
1135,Loss/train,0.14037030935287476,6315072.0
1136,Loss/train,0.10742653161287308,6318272.0
1137,Loss/train,0.12629973888397217,6321472.0
1138,Loss/train,0.1693621724843979,6324672.0
1139,Loss/train,0.18252408504486084,6327872.0
1140,Loss/train,0.12287777662277222,6331072.0
1141,Loss/train,0.08184055238962173,6334272.0
1142,Loss/train,0.1373419612646103,6337472.0
1143,Loss/train,0.19757989048957825,6340672.0
1144,Loss/train,0.15622346103191376,6343872.0
1145,Loss/train,0.14289844036102295,6347072.0
1146,Loss/train,0.14250260591506958,6350272.0
1147,Loss/train,0.12369528412818909,6353472.0
1148,Loss/train,0.12549462914466858,6356672.0
1149,Loss/train,0.13142144680023193,6359872.0
1150,Loss/train,0.20655329525470734,6363072.0
1151,Loss/train,0.10872656852006912,6366272.0
1152,Loss/train,0.10787580162286758,6369472.0
1153,Loss/train,0.14649012684822083,6372672.0
1154,Loss/train,0.12140684574842453,6375872.0
1155,Loss/train,0.16321781277656555,6379072.0
1156,Loss/train,0.1601371020078659,6382272.0
1157,Loss/train,0.1648552417755127,6385472.0
1158,Loss/train,0.12618747353553772,6388672.0
1159,Loss/train,0.11031165719032288,6391872.0
1160,Loss/train,0.15532073378562927,6395072.0
1161,Loss/train,0.13852548599243164,6398272.0
1162,Loss/train,0.10906320810317993,6401472.0
1163,Loss/train,0.11117135733366013,6404672.0
1164,Loss/train,0.10390204936265945,6407872.0
1165,Loss/train,0.14115272462368011,6411072.0
1166,Loss/train,0.13341054320335388,6414272.0
1167,Loss/train,0.13252778351306915,6417472.0
1168,Loss/train,0.12616372108459473,6420672.0
1169,Loss/train,0.10146680474281311,6423872.0
1170,Loss/train,0.11739463359117508,6427072.0
1171,Loss/train,0.08697613328695297,6430272.0
1172,Loss/train,0.1290336400270462,6433472.0
1173,Loss/train,0.11002794653177261,6436672.0
1174,Loss/train,0.13245488703250885,6439872.0
1175,Loss/train,0.11379780620336533,6443072.0
1176,Loss/train,0.10345564782619476,6446272.0
1177,Loss/train,0.11568408459424973,6449472.0
1178,Loss/train,0.10855415463447571,6452672.0
1179,Loss/train,0.13895991444587708,6455872.0
1180,Loss/train,0.1197604238986969,6459072.0
1181,Loss/train,0.13665811717510223,6462272.0
1182,Loss/train,0.08609161525964737,6465472.0
1183,Loss/train,0.12286953628063202,6468672.0
1184,Loss/train,0.09544124454259872,6471872.0
1185,Loss/train,0.1648462861776352,6475072.0
1186,Loss/train,0.10927599668502808,6478272.0
1187,Loss/train,0.14868924021720886,6481472.0
1188,Loss/train,0.13080604374408722,6484672.0
1189,Loss/train,0.15483367443084717,6487872.0
1190,Loss/train,0.08695630729198456,6491072.0
1191,Loss/train,0.14732246100902557,6494272.0
1192,Loss/train,0.10408313572406769,6497472.0
1193,Loss/train,0.13782307505607605,6500672.0
1194,Loss/train,0.08854789286851883,6503872.0
1195,Loss/train,0.1258465200662613,6507072.0
1196,Loss/train,0.06296226382255554,6510272.0
1197,Loss/train,0.08981356769800186,6513472.0
1198,Loss/train,0.10280013829469681,6516672.0
1199,Loss/train,0.1424846649169922,6519872.0
1200,Loss/train,0.050959788262844086,6523072.0
1201,Loss/train,0.11260564625263214,6526272.0
1202,Loss/train,0.12323017418384552,6529472.0
1203,Loss/train,0.18203739821910858,6532672.0
1204,Loss/train,0.10560490190982819,6535872.0
1205,Loss/train,0.09608288109302521,6539072.0
1206,Loss/train,0.18325215578079224,6542272.0
1207,Loss/train,0.15912514925003052,6545472.0
1208,Loss/train,0.12430750578641891,6548672.0
1209,Loss/train,0.1044912189245224,6551872.0
1210,Loss/train,0.13218486309051514,6555072.0
1211,Loss/train,0.10696710646152496,6558272.0
1212,Loss/train,0.1696346253156662,6561472.0
1213,Loss/train,0.1381441205739975,6564672.0
1214,Loss/train,0.1019844189286232,6567872.0
1215,Loss/train,0.11809293180704117,6571072.0
1216,Loss/train,0.11419854313135147,6574272.0
1217,Loss/train,0.07911495119333267,6577472.0
1218,Loss/train,0.12289468199014664,6580672.0
1219,Loss/train,0.10783451050519943,6583872.0
1220,Loss/train,0.09097131341695786,6587072.0
1221,Loss/train,0.15236623585224152,6590272.0
1222,Loss/train,0.07369038462638855,6593472.0
1223,Loss/train,0.11821362376213074,6596672.0
1224,Loss/train,0.0940416231751442,6599872.0
1225,Loss/train,0.12079675495624542,6603072.0
1226,Loss/train,0.1615820825099945,6606272.0
1227,Loss/train,0.12239646166563034,6609472.0
1228,Loss/train,0.06726019829511642,6612672.0
1229,Loss/train,0.10567086189985275,6615872.0
1230,Loss/train,0.09579265117645264,6619072.0
1231,Loss/train,0.09877472370862961,6622272.0
1232,Loss/train,0.11677802354097366,6625472.0
1233,Loss/train,0.10813088715076447,6628672.0
1234,Loss/train,0.17159895598888397,6631872.0
1235,Loss/train,0.10804823040962219,6635072.0
1236,Loss/train,0.08614931255578995,6638272.0
1237,Loss/train,0.12914884090423584,6641472.0
1238,Loss/train,0.1274222582578659,6644672.0
1239,Loss/train,0.12026653438806534,6647872.0
1240,Loss/train,0.1350976824760437,6651072.0
1241,Loss/train,0.1232655942440033,6654272.0
1242,Loss/train,0.10057482868432999,6657472.0
1243,Loss/train,0.1445874124765396,6660672.0
1244,Loss/train,0.14743784070014954,6663872.0
1245,Loss/train,0.11531569063663483,6667072.0
1246,Loss/train,0.15091800689697266,6670272.0
1247,Loss/train,0.09159133583307266,6673472.0
1248,Loss/train,0.12409497052431107,6676672.0
1249,Loss/train,0.14126808941364288,6679872.0
1250,Loss/train,0.1142006665468216,6683072.0
1251,Loss/train,0.15382015705108643,6686272.0
1252,Loss/train,0.1544313132762909,6689472.0
1253,Loss/train,0.104303278028965,6692672.0
1254,Loss/train,0.11235266923904419,6695872.0
1255,Loss/train,0.09804804623126984,6699072.0
1256,Loss/train,0.10064400732517242,6702272.0
1257,Loss/train,0.15178024768829346,6705472.0
1258,Loss/train,0.13572043180465698,6708672.0
1259,Loss/train,0.09343758970499039,6711872.0
1260,Loss/train,0.1015406921505928,6715072.0
1261,Loss/train,0.13271048665046692,6718272.0
1262,Loss/train,0.11099150776863098,6721472.0
1263,Loss/train,0.12700778245925903,6724672.0
1264,Loss/train,0.18076585233211517,6727872.0
1265,Loss/train,0.14681217074394226,6731072.0
1266,Loss/train,0.11106377840042114,6734272.0
1267,Loss/train,0.10150279849767685,6737472.0
1268,Loss/train,0.1226058378815651,6740672.0
1269,Loss/train,0.16757459938526154,6743872.0
1270,Loss/train,0.13682295382022858,6747072.0
1271,Loss/train,0.09682183712720871,6750272.0
1272,Loss/train,0.09669443964958191,6753472.0
1273,Loss/train,0.1314365714788437,6756672.0
1274,Loss/train,0.13726253807544708,6759872.0
1275,Loss/train,0.08979752659797668,6763072.0
1276,Loss/train,0.16851459443569183,6766272.0
1277,Loss/train,0.10092376917600632,6769472.0
1278,Loss/train,0.14473116397857666,6772672.0
1279,Loss/train,0.10353641211986542,6775872.0
1280,Loss/train,0.10164933651685715,6779072.0
1281,Loss/train,0.1304273009300232,6782272.0
1282,Loss/train,0.0998808890581131,6785472.0
1283,Loss/train,0.08555403351783752,6788672.0
1284,Loss/train,0.17332348227500916,6791872.0
1285,Loss/train,0.08375754207372665,6795072.0
1286,Loss/train,0.15234839916229248,6798272.0
1287,Loss/train,0.07745630294084549,6801472.0
1288,Loss/train,0.10981682687997818,6804672.0
1289,Loss/train,0.10675043612718582,6807872.0
1290,Loss/train,0.1263565570116043,6811072.0
1291,Loss/train,0.07876569032669067,6814272.0
1292,Loss/train,0.15535861253738403,6817472.0
1293,Loss/train,0.17007172107696533,6820672.0
1294,Loss/train,0.1028803139925003,6823872.0
1295,Loss/train,0.10450506955385208,6827072.0
1296,Loss/train,0.08134035021066666,6830272.0
1297,Loss/train,0.14597176015377045,6833472.0
1298,Loss/train,0.10318554192781448,6836672.0
1299,Loss/train,0.11131013184785843,6839872.0
1300,Loss/train,0.11938931047916412,6843072.0
1301,Loss/train,0.13593712449073792,6846272.0
1302,Loss/train,0.0985344797372818,6849472.0
1303,Loss/train,0.1511506736278534,6852672.0
1304,Loss/train,0.06970679759979248,6855872.0
1305,Loss/train,0.08702568709850311,6859072.0
1306,Loss/train,0.08918103575706482,6862272.0
1307,Loss/train,0.08234855532646179,6865472.0
1308,Loss/train,0.0703509971499443,6868672.0
1309,Loss/train,0.07906334847211838,6871872.0
1310,Loss/train,0.08904141932725906,6875072.0
1311,Loss/train,0.1022038459777832,6878272.0
1312,Loss/train,0.11976993829011917,6881472.0
1313,Loss/train,0.08745846897363663,6884672.0
1314,Loss/train,0.10852634161710739,6887872.0
1315,Loss/train,0.10022437572479248,6891072.0
1316,Loss/train,0.10891133546829224,6894272.0
1317,Loss/train,0.11613310873508453,6897472.0
1318,Loss/train,0.0761464461684227,6900672.0
1319,Loss/train,0.14900730550289154,6903872.0
1320,Loss/train,0.12793266773223877,6907072.0
1321,Loss/train,0.09842050075531006,6910272.0
1322,Loss/train,0.10366693139076233,6913472.0
1323,Loss/train,0.10313890129327774,6916672.0
1324,Loss/train,0.10466823726892471,6919872.0
1325,Loss/train,0.19769996404647827,6923072.0
1326,Loss/train,0.18550947308540344,6926272.0
1327,Loss/train,0.1055145412683487,6929472.0
1328,Loss/train,0.14233916997909546,6932672.0
1329,Loss/train,0.14828526973724365,6935872.0
1330,Loss/train,0.0999382883310318,6939072.0
1331,Loss/train,0.09746141731739044,6942272.0
1332,Loss/train,0.1308482140302658,6945472.0
1333,Loss/train,0.08203204721212387,6948672.0
1334,Loss/train,0.10848842561244965,6951872.0
1335,Loss/train,0.09648683667182922,6955072.0
1336,Loss/train,0.10468772798776627,6958272.0
1337,Loss/train,0.1373516023159027,6961472.0
1338,Loss/train,0.10738927870988846,6964672.0
1339,Loss/train,0.11057740449905396,6967872.0
1340,Loss/train,0.11158724129199982,6971072.0
1341,Loss/train,0.15598438680171967,6974272.0
1342,Loss/train,0.1062847226858139,6977472.0
1343,Loss/train,0.15105515718460083,6980672.0
1344,Loss/train,0.07958733290433884,6983872.0
1345,Loss/train,0.07793270796537399,6987072.0
1346,Loss/train,0.09063705801963806,6990272.0
1347,Loss/train,0.07577410340309143,6993472.0
1348,Loss/train,0.10603716969490051,6996672.0
1349,Loss/train,0.09725362807512283,6999872.0
1350,Loss/train,0.10891464352607727,7003072.0
1351,Loss/train,0.10959574580192566,7006272.0
1352,Loss/train,0.08138002455234528,7009472.0
1353,Loss/train,0.09871891885995865,7012672.0
1354,Loss/train,0.08408573269844055,7015872.0
1355,Loss/train,0.08822378516197205,7019072.0
1356,Loss/train,0.10906156897544861,7022272.0
1357,Loss/train,0.10157264024019241,7025472.0
1358,Loss/train,0.138009175658226,7028672.0
1359,Loss/train,0.11564013361930847,7031872.0
1360,Loss/train,0.09426487237215042,7035072.0
1361,Loss/train,0.1282164752483368,7038272.0
1362,Loss/train,0.11219886690378189,7041472.0
1363,Loss/train,0.07739506661891937,7044672.0
1364,Loss/train,0.1177419051527977,7047872.0
1365,Loss/train,0.08305822312831879,7051072.0
1366,Loss/train,0.10369684547185898,7054272.0
1367,Loss/train,0.11189989745616913,7057472.0
1368,Loss/train,0.10868300497531891,7060672.0
1369,Loss/train,0.12397690117359161,7063872.0
1370,Loss/train,0.07558132708072662,7067072.0
1371,Loss/train,0.12946929037570953,7070272.0
1372,Loss/train,0.1547202616930008,7073472.0
1373,Loss/train,0.16083112359046936,7076672.0
1374,Loss/train,0.15215343236923218,7079872.0
1375,Loss/train,0.10352784395217896,7083072.0
1376,Loss/train,0.08302836120128632,7086272.0
1377,Loss/train,0.1340295374393463,7089472.0
1378,Loss/train,0.10368692129850388,7092672.0
1379,Loss/train,0.13980111479759216,7095872.0
1380,Loss/train,0.1403333693742752,7099072.0
1381,Loss/train,0.10751425474882126,7102272.0
1382,Loss/train,0.0893285796046257,7105472.0
1383,Loss/train,0.08465947210788727,7108672.0
1384,Loss/train,0.1035345047712326,7111872.0
1385,Loss/train,0.13301792740821838,7115072.0
1386,Loss/train,0.0983998104929924,7118272.0
1387,Loss/train,0.0908302441239357,7121472.0
1388,Loss/train,0.18868759274482727,7124672.0
1389,Loss/train,0.08505571633577347,7127872.0
1390,Loss/train,0.15357790887355804,7131072.0
1391,Loss/train,0.11563924700021744,7134272.0
1392,Loss/train,0.0848383754491806,7137472.0
1393,Loss/train,0.09632808715105057,7140672.0
1394,Loss/train,0.11252518743276596,7143872.0
1395,Loss/train,0.11352267861366272,7147072.0
1396,Loss/train,0.08522111922502518,7150272.0
1397,Loss/train,0.07319939881563187,7153472.0
1398,Loss/train,0.1258418709039688,7156672.0
1399,Loss/train,0.06982942670583725,7159872.0
1400,Loss/train,0.15809209644794464,7163072.0
1401,Loss/train,0.09812230616807938,7166272.0
1402,Loss/train,0.1120392307639122,7169472.0
1403,Loss/train,0.07409179955720901,7172672.0
1404,Loss/train,0.08728662878274918,7175872.0
1405,Loss/train,0.11636238545179367,7175904.0
1406,Loss/train,0.09306751191616058,7179104.0
1407,Loss/train,0.1071900948882103,7182304.0
1408,Loss/train,0.12244267761707306,7185504.0
1409,Loss/train,0.09941897541284561,7188704.0
1410,Loss/train,0.14182274043560028,7191904.0
1411,Loss/train,0.10112486779689789,7195104.0
1412,Loss/train,0.14189472794532776,7198304.0
1413,Loss/train,0.16444019973278046,7201504.0
1414,Loss/train,0.13426439464092255,7204704.0
1415,Loss/train,0.13684692978858948,7207904.0
1416,Loss/train,0.09791412204504013,7211104.0
1417,Loss/train,0.08950570970773697,7214304.0
1418,Loss/train,0.13350263237953186,7217504.0
1419,Loss/train,0.1364058405160904,7220704.0
1420,Loss/train,0.08683129400014877,7223904.0
1421,Loss/train,0.09336971491575241,7227104.0
1422,Loss/train,0.10117117315530777,7230304.0
1423,Loss/train,0.12241028994321823,7233504.0
1424,Loss/train,0.08552736043930054,7236704.0
1425,Loss/train,0.10373072326183319,7239904.0
1426,Loss/train,0.08898714184761047,7243104.0
1427,Loss/train,0.12761446833610535,7246304.0
1428,Loss/train,0.0857204794883728,7249504.0
1429,Loss/train,0.1187371164560318,7252704.0
1430,Loss/train,0.09388050436973572,7255904.0
1431,Loss/train,0.10934243351221085,7259104.0
1432,Loss/train,0.16798676550388336,7262304.0
1433,Loss/train,0.11746127158403397,7265504.0
1434,Loss/train,0.10467301309108734,7268704.0
1435,Loss/train,0.08597288280725479,7271904.0
1436,Loss/train,0.0676540806889534,7275104.0
1437,Loss/train,0.11224493384361267,7278304.0
1438,Loss/train,0.0864470899105072,7281504.0
1439,Loss/train,0.11828470230102539,7284704.0
1440,Loss/train,0.11126717925071716,7287904.0
1441,Loss/train,0.10509659349918365,7291104.0
1442,Loss/train,0.06381810456514359,7294304.0
1443,Loss/train,0.12712864577770233,7297504.0
1444,Loss/train,0.10725589096546173,7300704.0
1445,Loss/train,0.10064654797315598,7303904.0
1446,Loss/train,0.08463457226753235,7307104.0
1447,Loss/train,0.13136589527130127,7310304.0
1448,Loss/train,0.1110319122672081,7313504.0
1449,Loss/train,0.12242918461561203,7316704.0
1450,Loss/train,0.08644410222768784,7319904.0
1451,Loss/train,0.10026697814464569,7323104.0
1452,Loss/train,0.08332342654466629,7326304.0
1453,Loss/train,0.12432026863098145,7329504.0
1454,Loss/train,0.09637273848056793,7332704.0
1455,Loss/train,0.15951700508594513,7335904.0
1456,Loss/train,0.11939312517642975,7339104.0
1457,Loss/train,0.07986622303724289,7342304.0
1458,Loss/train,0.11102265864610672,7345504.0
1459,Loss/train,0.0923871248960495,7348704.0
1460,Loss/train,0.12647753953933716,7351904.0
1461,Loss/train,0.10452133417129517,7355104.0
1462,Loss/train,0.1287851184606552,7358304.0
1463,Loss/train,0.12557557225227356,7361504.0
1464,Loss/train,0.10087963193655014,7364704.0
1465,Loss/train,0.1309557557106018,7367904.0
1466,Loss/train,0.09960375726222992,7371104.0
1467,Loss/train,0.10317244380712509,7374304.0
1468,Loss/train,0.08913438022136688,7377504.0
1469,Loss/train,0.12920208275318146,7380704.0
1470,Loss/train,0.12207029014825821,7383904.0
1471,Loss/train,0.0991886556148529,7387104.0
1472,Loss/train,0.0610998198390007,7390304.0
1473,Loss/train,0.1338808238506317,7393504.0
1474,Loss/train,0.08072391897439957,7396704.0
1475,Loss/train,0.08359738439321518,7399904.0
1476,Loss/train,0.07488199323415756,7403104.0
1477,Loss/train,0.12137381732463837,7406304.0
1478,Loss/train,0.14893299341201782,7409504.0
1479,Loss/train,0.11881963908672333,7412704.0
1480,Loss/train,0.11785772442817688,7415904.0
1481,Loss/train,0.10186322033405304,7419104.0
1482,Loss/train,0.13891582190990448,7422304.0
1483,Loss/train,0.12700887024402618,7425504.0
1484,Loss/train,0.0784161314368248,7428704.0
1485,Loss/train,0.11088990420103073,7431904.0
1486,Loss/train,0.08940155804157257,7435104.0
1487,Loss/train,0.09549912065267563,7438304.0
1488,Loss/train,0.1928916573524475,7441504.0
1489,Loss/train,0.09398400038480759,7444704.0
1490,Loss/train,0.09364494681358337,7447904.0
1491,Loss/train,0.11991046369075775,7451104.0
1492,Loss/train,0.08713319897651672,7454304.0
1493,Loss/train,0.08786702156066895,7457504.0
1494,Loss/train,0.09702259302139282,7460704.0
1495,Loss/train,0.10140090435743332,7463904.0
1496,Loss/train,0.07397044450044632,7467104.0
1497,Loss/train,0.07555854320526123,7470304.0
1498,Loss/train,0.09903834760189056,7473504.0
1499,Loss/train,0.0733105018734932,7476704.0
1500,Loss/train,0.10621138662099838,7479904.0
1501,Loss/train,0.07028292119503021,7483104.0
1502,Loss/train,0.10645641386508942,7486304.0
1503,Loss/train,0.10649731755256653,7489504.0
1504,Loss/train,0.0794789120554924,7492704.0
1505,Loss/train,0.09228794276714325,7495904.0
1506,Loss/train,0.18513107299804688,7499104.0
1507,Loss/train,0.0898844450712204,7502304.0
1508,Loss/train,0.09192440658807755,7505504.0
1509,Loss/train,0.07210787385702133,7508704.0
1510,Loss/train,0.0965946838259697,7511904.0
1511,Loss/train,0.1302405148744583,7515104.0
1512,Loss/train,0.12861882150173187,7518304.0
1513,Loss/train,0.13345108926296234,7521504.0
1514,Loss/train,0.09344502538442612,7524704.0
1515,Loss/train,0.10645130276679993,7527904.0
1516,Loss/train,0.10416362434625626,7531104.0
1517,Loss/train,0.05328357592225075,7534304.0
1518,Loss/train,0.0832466259598732,7537504.0
1519,Loss/train,0.0982743576169014,7540704.0
1520,Loss/train,0.10604552924633026,7543904.0
1521,Loss/train,0.07400237023830414,7547104.0
1522,Loss/train,0.11449084430932999,7550304.0
1523,Loss/train,0.14564421772956848,7553504.0
1524,Loss/train,0.12853427231311798,7556704.0
1525,Loss/train,0.09051074832677841,7559904.0
1526,Loss/train,0.08801539242267609,7563104.0
1527,Loss/train,0.09463253617286682,7566304.0
1528,Loss/train,0.06734619289636612,7569504.0
1529,Loss/train,0.09635905921459198,7572704.0
1530,Loss/train,0.09587832540273666,7575904.0
1531,Loss/train,0.11765240132808685,7579104.0
1532,Loss/train,0.12979723513126373,7582304.0
1533,Loss/train,0.11428602039813995,7585504.0
1534,Loss/train,0.07837802171707153,7588704.0
1535,Loss/train,0.10783963650465012,7591904.0
1536,Loss/train,0.11299034208059311,7595104.0
1537,Loss/train,0.11850132793188095,7598304.0
1538,Loss/train,0.10277075320482254,7601504.0
1539,Loss/train,0.11931585520505905,7604704.0
1540,Loss/train,0.11944728344678879,7607904.0
1541,Loss/train,0.11705170571804047,7611104.0
1542,Loss/train,0.09497122466564178,7614304.0
1543,Loss/train,0.15244318544864655,7617504.0
1544,Loss/train,0.11589973419904709,7620704.0
1545,Loss/train,0.12600241601467133,7623904.0
1546,Loss/train,0.06964705884456635,7627104.0
1547,Loss/train,0.06030793860554695,7630304.0
1548,Loss/train,0.09239159524440765,7633504.0
1549,Loss/train,0.09436080604791641,7636704.0
1550,Loss/train,0.08359500765800476,7639904.0
1551,Loss/train,0.10337701439857483,7643104.0
1552,Loss/train,0.11954034864902496,7646304.0
1553,Loss/train,0.15377473831176758,7649504.0
1554,Loss/train,0.1693568378686905,7652704.0
1555,Loss/train,0.09247047454118729,7655904.0
1556,Loss/train,0.10251318663358688,7659104.0
1557,Loss/train,0.11897075921297073,7662304.0
1558,Loss/train,0.10992379486560822,7665504.0
1559,Loss/train,0.19555352628231049,7668704.0
1560,Loss/train,0.09944843500852585,7671904.0
1561,Loss/train,0.09452912956476212,7675104.0
1562,Loss/train,0.14547470211982727,7678304.0
1563,Loss/train,0.08148238807916641,7681504.0
1564,Loss/train,0.12241285294294357,7684704.0
1565,Loss/train,0.10080737620592117,7687904.0
1566,Loss/train,0.08050835877656937,7691104.0
1567,Loss/train,0.07142427563667297,7694304.0
1568,Loss/train,0.09105245769023895,7697504.0
1569,Loss/train,0.10546667128801346,7700704.0
1570,Loss/train,0.11026687175035477,7703904.0
1571,Loss/train,0.10231897234916687,7707104.0
1572,Loss/train,0.09865529090166092,7710304.0
1573,Loss/train,0.09043433517217636,7713504.0
1574,Loss/train,0.16185173392295837,7716704.0
1575,Loss/train,0.06324270367622375,7719904.0
1576,Loss/train,0.08820202201604843,7723104.0
1577,Loss/train,0.17299647629261017,7726304.0
1578,Loss/train,0.10831152647733688,7729504.0
1579,Loss/train,0.10777465254068375,7732704.0
1580,Loss/train,0.11188077181577682,7735904.0
1581,Loss/train,0.11033553630113602,7739104.0
1582,Loss/train,0.07918956130743027,7742304.0
1583,Loss/train,0.11076901853084564,7745504.0
1584,Loss/train,0.09299170970916748,7748704.0
1585,Loss/train,0.15041473507881165,7751904.0
1586,Loss/train,0.12654659152030945,7755104.0
1587,Loss/train,0.07201032340526581,7758304.0
1588,Loss/train,0.09250499308109283,7761504.0
1589,Loss/train,0.08344963192939758,7764704.0
1590,Loss/train,0.12001657485961914,7767904.0
1591,Loss/train,0.1405472606420517,7771104.0
1592,Loss/train,0.09773053973913193,7774304.0
1593,Loss/train,0.10893235355615616,7777504.0
1594,Loss/train,0.15178588032722473,7780704.0
1595,Loss/train,0.10506962984800339,7783904.0
1596,Loss/train,0.09979646652936935,7787104.0
1597,Loss/train,0.0689481571316719,7790304.0
1598,Loss/train,0.1048969253897667,7793504.0
1599,Loss/train,0.10724519938230515,7796704.0
1600,Loss/train,0.10832416266202927,7799904.0
1601,Loss/train,0.06452882289886475,7803104.0
1602,Loss/train,0.11767275631427765,7806304.0
1603,Loss/train,0.07635338604450226,7809504.0
1604,Loss/train,0.11961057037115097,7812704.0
1605,Loss/train,0.1173587366938591,7815904.0
1606,Loss/train,0.15326207876205444,7819104.0
1607,Loss/train,0.07364082336425781,7822304.0
1608,Loss/train,0.229191854596138,7825504.0
1609,Loss/train,0.15277191996574402,7828704.0
1610,Loss/train,0.10028359293937683,7831904.0
1611,Loss/train,0.11430990695953369,7835104.0
1612,Loss/train,0.12787672877311707,7838304.0
1613,Loss/train,0.14186421036720276,7841504.0
1614,Loss/train,0.0916602835059166,7844704.0
1615,Loss/train,0.12158657610416412,7847904.0
1616,Loss/train,0.11983732134103775,7851104.0
1617,Loss/train,0.091604083776474,7854304.0
1618,Loss/train,0.07754772156476974,7857504.0
1619,Loss/train,0.10778965055942535,7860704.0
1620,Loss/train,0.14852188527584076,7863904.0
1621,Loss/train,0.136861652135849,7867104.0
1622,Loss/train,0.16308695077896118,7870304.0
1623,Loss/train,0.13549427688121796,7873504.0
1624,Loss/train,0.10267853736877441,7876704.0
1625,Loss/train,0.10548975318670273,7879904.0
1626,Loss/train,0.10850892961025238,7883104.0
1627,Loss/train,0.10819151997566223,7886304.0
1628,Loss/train,0.10227960348129272,7889504.0
1629,Loss/train,0.0946163684129715,7892704.0
1630,Loss/train,0.08101466298103333,7895904.0
1631,Loss/train,0.11067148298025131,7899104.0
1632,Loss/train,0.09665930271148682,7902304.0
1633,Loss/train,0.15628841519355774,7905504.0
1634,Loss/train,0.10867992043495178,7908704.0
1635,Loss/train,0.12212115526199341,7911904.0
1636,Loss/train,0.09504124522209167,7915104.0
1637,Loss/train,0.1372317373752594,7918304.0
1638,Loss/train,0.0900735855102539,7921504.0
1639,Loss/train,0.10068924725055695,7924704.0
1640,Loss/train,0.08750874549150467,7927904.0
1641,Loss/train,0.08246888965368271,7931104.0
1642,Loss/train,0.17824909090995789,7934304.0
1643,Loss/train,0.12966708838939667,7937504.0
1644,Loss/train,0.15499140322208405,7940704.0
1645,Loss/train,0.15524277091026306,7943904.0
1646,Loss/train,0.15171507000923157,7947104.0
1647,Loss/train,0.15042734146118164,7950304.0
1648,Loss/train,0.1184566468000412,7953504.0
1649,Loss/train,0.14607112109661102,7956704.0
1650,Loss/train,0.12455634772777557,7959904.0
1651,Loss/train,0.11495470255613327,7963104.0
1652,Loss/train,0.11933094263076782,7966304.0
1653,Loss/train,0.06455450505018234,7969504.0
1654,Loss/train,0.087579645216465,7972704.0
1655,Loss/train,0.08334141969680786,7975904.0
1656,Loss/train,0.11628535389900208,7979104.0
1657,Loss/train,0.09818233549594879,7982304.0
1658,Loss/train,0.066554494202137,7985504.0
1659,Loss/train,0.12660817801952362,7988704.0
1660,Loss/train,0.12255663424730301,7991904.0
1661,Loss/train,0.09983610361814499,7995104.0
1662,Loss/train,0.08704138547182083,7998304.0
1663,Loss/train,0.19520369172096252,8001504.0
1664,Loss/train,0.09128479659557343,8004704.0
1665,Loss/train,0.07474508136510849,8007904.0
1666,Loss/train,0.0871165543794632,8011104.0
1667,Loss/train,0.11222846806049347,8014304.0
1668,Loss/train,0.09385178983211517,8017504.0
1669,Loss/train,0.13431105017662048,8020704.0
1670,Loss/train,0.0705697163939476,8023904.0
1671,Loss/train,0.12358186393976212,8027104.0
1672,Loss/train,0.08105200529098511,8030304.0
1673,Loss/train,0.07093290984630585,8033504.0
1674,Loss/train,0.10770917683839798,8036704.0
1675,Loss/train,0.07797210663557053,8039904.0
1676,Loss/train,0.09956829249858856,8043104.0
1677,Loss/train,0.1904556304216385,8046304.0
1678,Loss/train,0.11150094121694565,8049504.0
1679,Loss/train,0.11317135393619537,8052704.0
1680,Loss/train,0.07906243950128555,8055904.0
1681,Loss/train,0.0789623111486435,8059104.0
1682,Loss/train,0.09300382435321808,8062304.0
1683,Loss/train,0.12806262075901031,8065504.0
1684,Loss/train,0.09789040684700012,8068704.0
1685,Loss/train,0.12482211738824844,8071904.0
